,T /s,C /ms^-1,U /ms^-1,LMBD /m
0,0.01,0.0156131002,0.00780655009,0.000156131002
1,0.02,0.0312262004,0.0156131002,0.000624524007
2,0.03,0.0468393006,0.0234196503,0.00140517902
3,0.04,0.0624524007,0.0312262004,0.00249809603
4,0.05,0.0780655009,0.0390327505,0.00390327505
5,0.06,0.0936786011,0.0468393006,0.00562071607
6,0.07,0.109291701,0.0546458506,0.00765041909
7,0.08,0.124904801,0.0624524007,0.00999238412
8,0.09,0.140517902,0.0702589508,0.0126466111
9,0.1,0.156131002,0.0780655009,0.0156131002
10,0.11,0.171744102,0.085872051,0.0188918512
11,0.12,0.187357202,0.0936786011,0.0224828643
12,0.13,0.202970302,0.101485151,0.0263861393
13,0.14,0.218583403,0.109291701,0.0306016764
14,0.15,0.234196503,0.117098251,0.0351294754
15,0.16,0.249809603,0.124904801,0.0399695365
16,0.17,0.265422703,0.132711352,0.0451218595
17,0.18,0.281035803,0.140517902,0.0505864446
18,0.19,0.296648903,0.148324452,0.0563632917
19,0.2,0.312262004,0.156131002,0.0624524007
20,0.21,0.327875104,0.163937552,0.0688537718
21,0.22,0.343488204,0.171744102,0.0755674049
22,0.23,0.359101304,0.179550652,0.0825933
23,0.24,0.374714404,0.187357202,0.0899314571
24,0.25,0.390327505,0.195163752,0.0975818761
25,0.26,0.405940605,0.202970302,0.105544557
26,0.27,0.421553705,0.210776852,0.1138195
27,0.28,0.437166805,0.218583403,0.122406705
28,0.29,0.452779905,0.226389953,0.131306173
29,0.3,0.468393006,0.234196503,0.140517902
30,0.31,0.484006106,0.242003053,0.150041893
31,0.32,0.499619206,0.249809603,0.159878146
32,0.33,0.515232306,0.257616153,0.170026661
33,0.34,0.530845406,0.265422703,0.180487438
34,0.35,0.546458506,0.273229253,0.191260477
35,0.36,0.562071607,0.281035804,0.202345778
36,0.37,0.577684707,0.288842354,0.213743341
37,0.38,0.593297807,0.296648906,0.225453167
38,0.39,0.608910906,0.304455461,0.237475253
39,0.4,0.624524005,0.312262025,0.249809602
40,0.41,0.640137101,0.32006861,0.262456212
41,0.42,0.655750192,0.327875238,0.275415081
42,0.43,0.671363271,0.335681956,0.288686207
43,0.44,0.686976326,0.343488848,0.302269583
44,0.45,0.702589333,0.351296058,0.3161652
45,0.46,0.718202254,0.359103824,0.330373037
46,0.47,0.733815021,0.366912519,0.34489306
47,0.48,0.749427529,0.374722708,0.359725214
48,0.49,0.765039611,0.382535212,0.374869409
49,0.5,0.780651022,0.390351187,0.390325511
50,0.51,0.796261403,0.398172205,0.406093316
51,0.52,0.811870254,0.406000348,0.422172532
52,0.53,0.827476885,0.413838297,0.438562749
53,0.54,0.843080378,0.421689415,0.455263404
54,0.55,0.858679532,0.42955783,0.472273743
55,0.56,0.874272814,0.43744849,0.489592776
56,0.57,0.889858299,0.445367208,0.50721923
57,0.58,0.905433623,0.45332068,0.525151501
58,0.59,0.920995926,0.461316473,0.543387597
59,0.6,0.936541808,0.469362986,0.561925085
60,0.61,0.952067286,0.477469382,0.580761045
61,0.62,0.967567765,0.485645483,0.599892014
62,0.63,0.983038014,0.493901643,0.619313949
63,0.64,0.998472158,0.502248598,0.639022181
64,0.65,1.01386369,0.510697284,0.659011396
65,0.66,1.02920546,0.51925865,0.679275606
66,0.67,1.04448977,0.527943455,0.699808146
67,0.68,1.05970834,0.536762062,0.720601673
68,0.69,1.07485244,0.545724238,0.741648185
69,0.7,1.08991292,0.554838952,0.762939042
70,0.71,1.1048803,0.564114203,0.784465011
71,0.72,1.11974488,0.573556856,0.806216311
72,0.73,1.13449681,0.583172506,0.828182675
73,0.74,1.14912624,0.592965369,0.850353417
74,0.75,1.16362334,0.602938207,0.872717506
75,0.76,1.17797848,0.61309228,0.895263647
76,0.77,1.19218229,0.623427328,0.91798036
77,0.78,1.20622573,0.633941587,0.940856067
78,0.79,1.22010021,0.644631832,0.963879167
79,0.8,1.23379765,0.655493441,0.987038121
80,0.81,1.24731052,0.666520489,1.01032152
81,0.82,1.26063191,0.677705849,1.03371817
82,0.83,1.27375556,0.689041315,1.05721712
83,0.84,1.28667589,0.700517736,1.08080775
84,0.85,1.299388,0.712125145,1.1044798
85,0.86,1.3118877,0.723852904,1.12822342
86,0.87,1.32417149,0.735689837,1.1520292
87,0.88,1.33623654,0.747624365,1.17588816
88,0.89,1.3480807,0.759644637,1.19979183
89,0.9,1.35970244,0.771738644,1.2237322
90,0.91,1.37110083,0.783894336,1.24770176
91,0.92,1.38227552,0.796099716,1.27169348
92,0.93,1.39322669,0.808342933,1.29570082
93,0.94,1.403955,0.820612364,1.3197177
94,0.95,1.41446158,0.832896674,1.3437385
95,0.96,1.42474798,0.845184881,1.36775806
96,0.97,1.43481609,0.857466398,1.39177161
97,0.98,1.44466818,0.869731077,1.41577482
98,0.99,1.45430679,0.88196923,1.43976372
99,1.0,1.46373472,0.894171659,1.46373472
100,1.01,1.47295502,0.906329668,1.48768457
101,1.02,1.48197092,0.918435066,1.51161034
102,1.03,1.49078582,0.930480178,1.53550939
103,1.04,1.49940326,0.942457837,1.55937939
104,1.05,1.50782691,0.954361382,1.58321825
105,1.06,1.51606049,0.966184646,1.60702412
106,1.07,1.52410784,0.977921944,1.63079539
107,1.08,1.53197282,0.98956806,1.65453064
108,1.09,1.53965931,1.00111823,1.67822865
109,1.1,1.54717125,1.01256813,1.70188838
110,1.11,1.55451255,1.02391384,1.72550893
111,1.12,1.56168712,1.03515185,1.74908957
112,1.13,1.56869885,1.04627901,1.7726297
113,1.14,1.57555159,1.05729256,1.79612882
114,1.15,1.58224918,1.06819004,1.81958656
115,1.16,1.58879539,1.07896933,1.84300266
116,1.17,1.59519395,1.08962862,1.86637692
117,1.18,1.60144853,1.10016635,1.88970926
118,1.19,1.60756273,1.11058125,1.91299965
119,1.2,1.6135401,1.12087229,1.93624812
120,1.21,1.61938412,1.13103865,1.95945479
121,1.22,1.6250982,1.14107976,1.98261981
122,1.23,1.63068567,1.1509952,2.00574338
123,1.24,1.6361498,1.16078478,2.02882575
124,1.25,1.64149377,1.17044845,2.05186721
125,1.26,1.64672069,1.17998632,2.07486807
126,1.27,1.65183362,1.18939865,2.09782869
127,1.28,1.6568355,1.19868582,2.12074944
128,1.29,1.66172924,1.20784835,2.14363072
129,1.3,1.66651765,1.21688686,2.16647294
130,1.31,1.67120347,1.22580205,2.18927654
131,1.32,1.67578937,1.23459475,2.21204197
132,1.33,1.68027796,1.24326584,2.23476968
133,1.34,1.68467176,1.2518163,2.25746015
134,1.35,1.68897323,1.26024715,2.28011386
135,1.36,1.69318477,1.26855949,2.30273129
136,1.37,1.6973087,1.27675447,2.32531292
137,1.38,1.70134729,1.28483328,2.34785926
138,1.39,1.70530274,1.29279716,2.3703708
139,1.4,1.70917717,1.30064738,2.39284804
140,1.41,1.71297267,1.30838526,2.41529147
141,1.42,1.71669126,1.31601212,2.43770159
142,1.43,1.72033489,1.32352931,2.4600789
143,1.44,1.72390547,1.33093823,2.48242388
144,1.45,1.72740485,1.33824025,2.50473703
145,1.46,1.73083482,1.34543679,2.52701884
146,1.47,1.73419713,1.35252925,2.54926978
147,1.48,1.73749347,1.35951906,2.57149034
148,1.49,1.74072549,1.36640765,2.59368099
149,1.5,1.7438948,1.37319644,2.6158422
150,1.51,1.74700293,1.37988687,2.63797443
151,1.52,1.75005141,1.38648035,2.66007814
152,1.53,1.75304169,1.39297831,2.68215378
153,1.54,1.7559752,1.39938216,2.7042018
154,1.55,1.75885332,1.40569333,2.72622264
155,1.56,1.7616774,1.41191321,2.74821674
156,1.57,1.76444873,1.41804319,2.77018451
157,1.58,1.7671686,1.42408465,2.79212639
158,1.59,1.76983823,1.43003898,2.81404279
159,1.6,1.77245882,1.43590752,2.83593411
160,1.61,1.77503152,1.44169162,2.85780075
161,1.62,1.77755748,1.44739262,2.87964313
162,1.63,1.7800378,1.45301184,2.90146161
163,1.64,1.78247353,1.45855058,2.92325659
164,1.65,1.78486572,1.46401012,2.94502843
165,1.66,1.78721538,1.46939174,2.96677752
166,1.67,1.78952348,1.4746967,2.98850421
167,1.68,1.79179099,1.47992623,3.01020887
168,1.69,1.79401883,1.48508157,3.03189183
169,1.7,1.79620791,1.49016391,3.05355345
170,1.71,1.7983591,1.49517445,3.07519406
171,1.72,1.80047326,1.50011436,3.096814
172,1.73,1.80255121,1.50498479,3.1184136
173,1.74,1.80459377,1.50978689,3.13999316
174,1.75,1.80660172,1.51452178,3.16155301
175,1.76,1.80857583,1.51919056,3.18309347
176,1.77,1.81051685,1.52379432,3.20461482
177,1.78,1.81242549,1.52833412,3.22611737
178,1.79,1.81430246,1.53281103,3.24760141
179,1.8,1.81614846,1.53722607,3.26906722
180,1.81,1.81796414,1.54158027,3.2905151
181,1.82,1.81975017,1.54587463,3.31194531
182,1.83,1.82150717,1.55011013,3.33335813
183,1.84,1.82323577,1.55428774,3.35475382
184,1.85,1.82493656,1.55840842,3.37613265
185,1.86,1.82661014,1.56247311,3.39749486
186,1.87,1.82825707,1.56648272,3.41884072
187,1.88,1.82987791,1.57043816,3.44017047
188,1.89,1.8314732,1.57434031,3.46148436
189,1.9,1.83304348,1.57819006,3.48278261
190,1.91,1.83458925,1.58198826,3.50406547
191,1.92,1.83611102,1.58573576,3.52533316
192,1.93,1.83760928,1.58943338,3.54658591
193,1.94,1.83908451,1.59308194,3.56782395
194,1.95,1.84053717,1.59668224,3.58904748
195,1.96,1.84196771,1.60023506,3.61025672
196,1.97,1.84337659,1.60374118,3.63145188
197,1.98,1.84476423,1.60720136,3.65263317
198,1.99,1.84613105,1.61061633,3.67380078
199,2.0,1.84747746,1.61398684,3.69495492
200,2.01,1.84880387,1.61731359,3.71609577
201,2.02,1.85011066,1.6205973,3.73722354
202,2.03,1.85139823,1.62383866,3.7583384
203,2.04,1.85266693,1.62703834,3.77944055
204,2.05,1.85391715,1.63019702,3.80053015
205,2.06,1.85514922,1.63331535,3.82160739
206,2.07,1.8563635,1.63639397,3.84267245
207,2.08,1.85756033,1.63943353,3.86372549
208,2.09,1.85874004,1.64243463,3.88476669
209,2.1,1.85990295,1.64539789,3.9057962
210,2.11,1.86104938,1.64832391,3.92681419
211,2.12,1.86217963,1.65121328,3.94782081
212,2.13,1.86329401,1.65406657,3.96881624
213,2.14,1.86439281,1.65688435,3.98980061
214,2.15,1.86547632,1.65966717,4.01077408
215,2.16,1.86654481,1.6624156,4.0317368
216,2.17,1.86759858,1.66513015,4.05268891
217,2.18,1.86863787,1.66781137,4.07363056
218,2.19,1.86966296,1.67045976,4.09456189
219,2.2,1.87067411,1.67307583,4.11548303
220,2.21,1.87167155,1.67566009,4.13639413
221,2.22,1.87265554,1.67821303,4.15729531
222,2.23,1.87362633,1.68073513,4.17818671
223,2.24,1.87458413,1.68322685,4.19906845
224,2.25,1.87552918,1.68568867,4.21994066
225,2.26,1.87646172,1.68812104,4.24080348
226,2.27,1.87738194,1.69052441,4.26165701
227,2.28,1.87829008,1.69289922,4.28250138
228,2.29,1.87918634,1.6952459,4.30333671
229,2.3,1.88007092,1.69756488,4.32416312
230,2.31,1.88094403,1.69985657,4.34498072
231,2.32,1.88180587,1.70212139,4.36578962
232,2.33,1.88265662,1.70435973,4.38658993
233,2.34,1.88349648,1.706572,4.40738176
234,2.35,1.88432563,1.70875857,4.42816523
235,2.36,1.88514425,1.71091984,4.44894043
236,2.37,1.88595252,1.71305618,4.46970746
237,2.38,1.88675061,1.71516795,4.49046644
238,2.39,1.88753869,1.71725551,4.51121746
239,2.4,1.88831692,1.71931924,4.53196062
240,2.41,1.88908548,1.72135946,4.55269601
241,2.42,1.88984452,1.72337653,4.57342374
242,2.43,1.89059419,1.72537078,4.59414389
243,2.44,1.89133465,1.72734255,4.61485656
244,2.45,1.89206606,1.72929216,4.63556184
245,2.46,1.89278854,1.73121993,4.65625982
246,2.47,1.89350226,1.73312617,4.67695058
247,2.48,1.89420735,1.7350112,4.69763422
248,2.49,1.89490394,1.73687532,4.71831082
249,2.5,1.89559219,1.73871883,4.73898046
250,2.51,1.8962722,1.74054202,4.75964323
251,2.52,1.89694413,1.74234518,4.78029921
252,2.53,1.89760809,1.74412859,4.80094847
253,2.54,1.89826421,1.74589253,4.8215911
254,2.55,1.89891262,1.74763729,4.84222718
255,2.56,1.89955343,1.74936311,4.86285678
256,2.57,1.90018676,1.75107029,4.88347997
257,2.58,1.90081273,1.75275906,4.90409683
258,2.59,1.90143144,1.75442969,4.92470744
259,2.6,1.90204302,1.75608243,4.94531186
260,2.61,1.90264758,1.75771754,4.96591017
261,2.62,1.90324521,1.75933524,4.98650244
262,2.63,1.90383602,1.76093579,5.00708873
263,2.64,1.90442012,1.76251941,5.02766911
264,2.65,1.90499761,1.76408634,5.04824366
265,2.66,1.90556858,1.76563681,5.06881243
266,2.67,1.90613314,1.76717104,5.08937549
267,2.68,1.90669138,1.76868925,5.1099329
268,2.69,1.90724339,1.77019166,5.13048473
269,2.7,1.90778927,1.77167848,5.15103104
270,2.71,1.90832911,1.77314992,5.17157189
271,2.72,1.90886299,1.77460619,5.19210734
272,2.73,1.90939101,1.77604749,5.21263745
273,2.74,1.90991324,1.77747402,5.23316227
274,2.75,1.91042977,1.77888598,5.25368187
275,2.76,1.91094069,1.78028356,5.27419631
276,2.77,1.91144608,1.78166695,5.29470563
277,2.78,1.91194601,1.78303634,5.3152099
278,2.79,1.91244056,1.78439191,5.33570916
279,2.8,1.91292981,1.78573385,5.35620347
280,2.81,1.91341384,1.78706233,5.37669289
281,2.82,1.91389272,1.78837752,5.39717747
282,2.83,1.91436652,1.78967961,5.41765725
283,2.84,1.91483531,1.79096875,5.43813229
284,2.85,1.91529917,1.79224513,5.45860264
285,2.86,1.91575816,1.7935089,5.47906835
286,2.87,1.91621236,1.79476022,5.49952946
287,2.88,1.91666182,1.79599926,5.51998603
288,2.89,1.91710661,1.79722617,5.5404381
289,2.9,1.9175468,1.7984411,5.56088571
290,2.91,1.91798245,1.79964422,5.58132892
291,2.92,1.91841362,1.80083566,5.60176777
292,2.93,1.91884038,1.80201558,5.6222023
293,2.94,1.91926278,1.80318412,5.64263257
294,2.95,1.91968088,1.80434143,5.6630586
295,2.96,1.92009474,1.80548764,5.68348044
296,2.97,1.92050443,1.8066229,5.70389815
297,2.98,1.92090998,1.80774734,5.72431175
298,2.99,1.92131147,1.80886109,5.74472129
299,3.0,1.92170894,1.8099643,5.76512681
300,3.01,1.92210244,1.81105708,5.78552835
301,3.02,1.92249204,1.81213957,5.80592596
302,3.03,1.92287777,1.81321189,5.82631966
303,3.04,1.9232597,1.81427418,5.8467095
304,3.05,1.92363787,1.81532654,5.86709551
305,3.06,1.92401233,1.81636911,5.88747774
306,3.07,1.92438313,1.817402,5.90785622
307,3.08,1.92475032,1.81842534,5.92823099
308,3.09,1.92511394,1.81943922,5.94860208
309,3.1,1.92547404,1.82044378,5.96896953
310,3.11,1.92583067,1.82143912,5.98933337
311,3.12,1.92618386,1.82242535,6.00969364
312,3.13,1.92653367,1.82340258,6.03005038
313,3.14,1.92688013,1.82437092,6.05040361
314,3.15,1.92722329,1.82533047,6.07075337
315,3.16,1.9275632,1.82628135,6.0910997
316,3.17,1.92789988,1.82722365,6.11144262
317,3.18,1.92823339,1.82815747,6.13178217
318,3.19,1.92856376,1.82908291,6.15211838
319,3.2,1.92889103,1.83000008,6.17245129
320,3.21,1.92921524,1.83090906,6.19278091
321,3.22,1.92953643,1.83180996,6.21310729
322,3.23,1.92985463,1.83270286,6.23343045
323,3.24,1.93016989,1.83358787,6.25375043
324,3.25,1.93048223,1.83446507,6.27406725
325,3.26,1.9307917,1.83533456,6.29438094
326,3.27,1.93109833,1.83619641,6.31469153
327,3.28,1.93140215,1.83705073,6.33499905
328,3.29,1.9317032,1.83789759,6.35530353
329,3.3,1.93200151,1.83873709,6.37560499
330,3.31,1.93229712,1.8395693,6.39590347
331,3.32,1.93259006,1.84039431,6.41619898
332,3.33,1.93288035,1.8412122,6.43649157
333,3.34,1.93316804,1.84202305,6.45678124
334,3.35,1.93345314,1.84282695,6.47706803
335,3.36,1.93373571,1.84362396,6.49735197
336,3.37,1.93401575,1.84441416,6.51763308
337,3.38,1.93429331,1.84519764,6.53791138
338,3.39,1.93456841,1.84597447,6.55818691
339,3.4,1.93484108,1.84674472,6.57845968
340,3.41,1.93511135,1.84750847,6.59872971
341,3.42,1.93537925,1.84826578,6.61899705
342,3.43,1.93564481,1.84901673,6.63926169
343,3.44,1.93590805,1.84976139,6.65952368
344,3.45,1.936169,1.85049983,6.67978304
345,3.46,1.93642768,1.85123211,6.70003978
346,3.47,1.93668413,1.85195831,6.72029392
347,3.48,1.93693836,1.85267849,6.7405455
348,3.49,1.93719041,1.85339271,6.76079454
349,3.5,1.9374403,1.85410104,6.78104105
350,3.51,1.93768805,1.85480355,6.80128506
351,3.52,1.93793369,1.8555003,6.82152658
352,3.53,1.93817724,1.85619134,6.84176565
353,3.54,1.93841872,1.85687674,6.86200228
354,3.55,1.93865817,1.85755657,6.88223649
355,3.56,1.93889559,1.85823088,6.9024683
356,3.57,1.93913102,1.85889972,6.92269773
357,3.58,1.93936447,1.85956317,6.94292481
358,3.59,1.93959597,1.86022127,6.96314955
359,3.6,1.93982555,1.86087408,6.98337197
360,3.61,1.94005321,1.86152166,7.00359209
361,3.62,1.94027899,1.86216406,7.02380993
362,3.63,1.94050289,1.86280134,7.04402551
363,3.64,1.94072496,1.86343355,7.06423884
364,3.65,1.94094519,1.86406075,7.08444996
365,3.66,1.94116362,1.86468298,7.10465887
366,3.67,1.94138027,1.8653003,7.12486559
367,3.68,1.94159515,1.86591276,7.14507014
368,3.69,1.94180828,1.86652041,7.16527254
369,3.7,1.94201968,1.8671233,7.1854728
370,3.71,1.94222937,1.86772148,7.20567095
371,3.72,1.94243737,1.86831499,7.225867
372,3.73,1.94264369,1.86890389,7.24606097
373,3.74,1.94284836,1.86948822,7.26625287
374,3.75,1.94305139,1.87006803,7.28644272
375,3.76,1.9432528,1.87064337,7.30663053
376,3.77,1.94345261,1.87121428,7.32681633
377,3.78,1.94365083,1.8717808,7.34700013
378,3.79,1.94384748,1.87234298,7.36718195
379,3.8,1.94404258,1.87290087,7.38736179
380,3.81,1.94423614,1.8734545,7.40753968
381,3.82,1.94442818,1.87400392,7.42771564
382,3.83,1.94461871,1.87454917,7.44788967
383,3.84,1.94480776,1.8750903,7.46806179
384,3.85,1.94499533,1.87562734,7.48823202
385,3.86,1.94518144,1.87616034,7.50840037
386,3.87,1.94536611,1.87668933,7.52856686
387,3.88,1.94554935,1.87721436,7.5487315
388,3.89,1.94573118,1.87773546,7.5688943
389,3.9,1.94591161,1.87825267,7.58905528
390,3.91,1.94609066,1.87876604,7.60921446
391,3.92,1.94626833,1.87927559,7.62937185
392,3.93,1.94644464,1.87978137,7.64952745
393,3.94,1.94661962,1.88028342,7.66968129
394,3.95,1.94679326,1.88078176,7.68983338
395,3.96,1.94696559,1.88127644,7.70998373
396,3.97,1.94713661,1.88176749,7.73013235
397,3.98,1.94730635,1.88225494,7.75027926
398,3.99,1.94747481,1.88273884,7.77042447
399,4.0,1.947642,1.88321921,7.790568
400,4.01,1.94780794,1.88369609,7.81070985
401,4.02,1.94797265,1.88416952,7.83085004
402,4.03,1.94813612,1.88463952,7.85098858
403,4.04,1.94829839,1.88510612,7.87112549
404,4.05,1.94845945,1.88556937,7.89126077
405,4.06,1.94861932,1.88602929,7.91139443
406,4.07,1.94877801,1.88648591,7.9315265
407,4.08,1.94893553,1.88693927,7.95165698
408,4.09,1.9490919,1.8873894,7.97178588
409,4.1,1.94924712,1.88783632,7.99191321
410,4.11,1.94940121,1.88828007,8.01203899
411,4.12,1.94955418,1.88872067,8.03216323
412,4.13,1.94970604,1.88915816,8.05228594
413,4.14,1.94985679,1.88959256,8.07240712
414,4.15,1.95000646,1.89002391,8.0925268
415,4.16,1.95015504,1.89045223,8.11264498
416,4.17,1.95030256,1.89087755,8.13276167
417,4.18,1.95044902,1.8912999,8.15287689
418,4.19,1.95059442,1.8917193,8.17299064
419,4.2,1.95073879,1.89213578,8.19310293
420,4.21,1.95088213,1.89254938,8.21321378
421,4.22,1.95102445,1.89296011,8.23332319
422,4.23,1.95116576,1.893368,8.25343118
423,4.24,1.95130607,1.89377308,8.27353775
424,4.25,1.95144539,1.89417537,8.29364292
425,4.26,1.95158373,1.8945749,8.31374669
426,4.27,1.9517211,1.89497169,8.33384908
427,4.28,1.9518575,1.89536577,8.3539501
428,4.29,1.95199295,1.89575717,8.37404974
429,4.3,1.95212745,1.8961459,8.39414804
430,4.31,1.95226102,1.89653199,8.41424498
431,4.32,1.95239366,1.89691547,8.43434059
432,4.33,1.95252538,1.89729635,8.45443487
433,4.34,1.95265618,1.89767467,8.47452784
434,4.35,1.95278609,1.89805044,8.49461949
435,4.36,1.9529151,1.89842369,8.51470984
436,4.37,1.95304323,1.89879443,8.53479891
437,4.38,1.95317048,1.8991627,8.55488669
438,4.39,1.95329685,1.89952851,8.57497319
439,4.4,1.95342237,1.89989189,8.59505843
440,4.41,1.95354703,1.90025285,8.61514242
441,4.42,1.95367085,1.90061142,8.63522515
442,4.43,1.95379383,1.90096762,8.65530665
443,4.44,1.95391597,1.90132146,8.67538692
444,4.45,1.95403729,1.90167298,8.69546596
445,4.46,1.9541578,1.90202219,8.71554379
446,4.47,1.9542775,1.9023691,8.73562041
447,4.48,1.95439639,1.90271375,8.75569584
448,4.49,1.95451449,1.90305615,8.77577007
449,4.5,1.95463181,1.90339631,8.79584312
450,4.51,1.95474834,1.90373426,8.815915
451,4.52,1.9548641,1.90407002,8.83598572
452,4.53,1.95497909,1.90440361,8.85605527
453,4.54,1.95509332,1.90473504,8.87612367
454,4.55,1.9552068,1.90506434,8.89619093
455,4.56,1.95531953,1.90539151,8.91625706
456,4.57,1.95543152,1.90571658,8.93632205
457,4.58,1.95554278,1.90603958,8.95638593
458,4.59,1.95565331,1.9063605,8.97644869
459,4.6,1.95576312,1.90667938,8.99651034
460,4.61,1.95587221,1.90699623,9.0165709
461,4.62,1.9559806,1.90731106,9.03663036
462,4.63,1.95608828,1.9076239,9.05668874
463,4.64,1.95619527,1.90793476,9.07674604
464,4.65,1.95630156,1.90824366,9.09680227
465,4.66,1.95640718,1.9085506,9.11685744
466,4.67,1.95651211,1.90885562,9.13691155
467,4.68,1.95661637,1.90915873,9.15696461
468,4.69,1.95671996,1.90945993,9.17701663
469,4.7,1.9568229,1.90975925,9.19706761
470,4.71,1.95692517,1.91005671,9.21711756
471,4.72,1.9570268,1.91035231,9.23716648
472,4.73,1.95712778,1.91064608,9.25721439
473,4.74,1.95722812,1.91093802,9.27726129
474,4.75,1.95732783,1.91122816,9.29730718
475,4.76,1.95742691,1.91151651,9.31735208
476,4.77,1.95752536,1.91180308,9.33739599
477,4.78,1.9576232,1.91208789,9.35743891
478,4.79,1.95772043,1.91237094,9.37748085
479,4.8,1.95781704,1.91265227,9.39752181
480,4.81,1.95791306,1.91293187,9.41756182
481,4.82,1.95800848,1.91320977,9.43760086
482,4.83,1.9581033,1.91348598,9.45763894
483,4.84,1.95819754,1.91376051,9.47767608
484,4.85,1.95829119,1.91403337,9.49771227
485,4.86,1.95838426,1.91430458,9.51774753
486,4.87,1.95847677,1.91457415,9.53778185
487,4.88,1.9585687,1.9148421,9.55781525
488,4.89,1.95866007,1.91510844,9.57784773
489,4.9,1.95875088,1.91537317,9.59787929
490,4.91,1.95884113,1.91563632,9.61790995
491,4.92,1.95893083,1.91589789,9.6379397
492,4.93,1.95901999,1.91615791,9.65796856
493,4.94,1.95910861,1.91641637,9.67799652
494,4.95,1.95919669,1.91667329,9.6980236
495,4.96,1.95928423,1.91692869,9.71804979
496,4.97,1.95937125,1.91718258,9.73807511
497,4.98,1.95945774,1.91743497,9.75809956
498,4.99,1.95954372,1.91768586,9.77812314
499,5.0,1.95962917,1.91793528,9.79814587
500,5.01,1.95971412,1.91818323,9.81816774
501,5.02,1.95979856,1.91842973,9.83818875
502,5.03,1.95988249,1.91867479,9.85820893
503,5.04,1.95996592,1.91891841,9.87822826
504,5.05,1.96004886,1.91916061,9.89824676
505,5.06,1.96013131,1.9194014,9.91826443
506,5.07,1.96021327,1.91964079,9.93828127
507,5.08,1.96029474,1.91987879,9.95829729
508,5.09,1.96037574,1.92011541,9.9783125
509,5.1,1.96045625,1.92035067,9.9983269
510,5.11,1.9605363,1.92058456,10.0183405
511,5.12,1.96061588,1.92081712,10.0383533
512,5.13,1.96069499,1.92104833,10.0583653
513,5.14,1.96077363,1.92127822,10.0783765
514,5.15,1.96085183,1.92150679,10.0983869
515,5.16,1.96092956,1.92173406,10.1183965
516,5.17,1.96100685,1.92196003,10.1384054
517,5.18,1.96108368,1.92218472,10.1584135
518,5.19,1.96116007,1.92240813,10.1784208
519,5.2,1.96123603,1.92263027,10.1984273
520,5.21,1.96131154,1.92285115,10.2184331
521,5.22,1.96138662,1.92307078,10.2384382
522,5.23,1.96146127,1.92328918,10.2584424
523,5.24,1.96153549,1.92350635,10.278446
524,5.25,1.96160929,1.92372229,10.2984488
525,5.26,1.96168267,1.92393703,10.3184508
526,5.27,1.96175563,1.92415056,10.3384522
527,5.28,1.96182817,1.9243629,10.3584528
528,5.29,1.96190031,1.92457405,10.3784526
529,5.3,1.96197203,1.92478403,10.3984518
530,5.31,1.96204335,1.92499284,10.4184502
531,5.32,1.96211427,1.9252005,10.4384479
532,5.33,1.96218479,1.925407,10.4584449
533,5.34,1.96225491,1.92561236,10.4784412
534,5.35,1.96232464,1.92581659,10.4984368
535,5.36,1.96239397,1.92601969,10.5184317
536,5.37,1.96246293,1.92622168,10.5384259
537,5.38,1.96253149,1.92642256,10.5584194
538,5.39,1.96259968,1.92662234,10.5784123
539,5.4,1.96266748,1.92682102,10.5984044
540,5.41,1.96273491,1.92701862,10.6183959
541,5.42,1.96280197,1.92721515,10.6383867
542,5.43,1.96286865,1.9274106,10.6583768
543,5.44,1.96293497,1.927605,10.6783662
544,5.45,1.96300093,1.92779834,10.698355
545,5.46,1.96306652,1.92799063,10.7183432
546,5.47,1.96313175,1.92818189,10.7383307
547,5.48,1.96319662,1.92837211,10.7583175
548,5.49,1.96326114,1.92856131,10.7783037
549,5.5,1.96332531,1.92874949,10.7982892
550,5.51,1.96338912,1.92893667,10.8182741
551,5.52,1.9634526,1.92912284,10.8382583
552,5.53,1.96351572,1.92930802,10.8582419
553,5.54,1.96357851,1.92949221,10.8782249
554,5.55,1.96364095,1.92967542,10.8982073
555,5.56,1.96370306,1.92985766,10.918189
556,5.57,1.96376483,1.93003893,10.9381701
557,5.58,1.96382628,1.93021923,10.9581506
558,5.59,1.96388739,1.93039859,10.9781305
559,5.6,1.96394817,1.930577,10.9981098
560,5.61,1.96400863,1.93075446,11.0180884
561,5.62,1.96406877,1.930931,11.0380665
562,5.63,1.96412858,1.9311066,11.0580439
563,5.64,1.96418808,1.93128129,11.0780208
564,5.65,1.96424726,1.93145506,11.097997
565,5.66,1.96430613,1.93162793,11.1179727
566,5.67,1.96436469,1.93179989,11.1379478
567,5.68,1.96442294,1.93197096,11.1579223
568,5.69,1.96448088,1.93214113,11.1778962
569,5.7,1.96453851,1.93231043,11.1978695
570,5.71,1.96459584,1.93247885,11.2178423
571,5.72,1.96465288,1.93264639,11.2378144
572,5.73,1.96470961,1.93281307,11.2577861
573,5.74,1.96476604,1.9329789,11.2777571
574,5.75,1.96482219,1.93314387,11.2977276
575,5.76,1.96487804,1.93330799,11.3176975
576,5.77,1.9649336,1.93347127,11.3376668
577,5.78,1.96498887,1.93363371,11.3576357
578,5.79,1.96504385,1.93379533,11.3776039
579,5.8,1.96509855,1.93395612,11.3975716
580,5.81,1.96515297,1.93411609,11.4175387
581,5.82,1.96520711,1.93427525,11.4375054
582,5.83,1.96526096,1.9344336,11.4574714
583,5.84,1.96531455,1.93459114,11.4774369
584,5.85,1.96536785,1.93474789,11.4974019
585,5.86,1.96542089,1.93490385,11.5173664
586,5.87,1.96547365,1.93505902,11.5373303
587,5.88,1.96552614,1.93521341,11.5572937
588,5.89,1.96557837,1.93536702,11.5772566
589,5.9,1.96563033,1.93551987,11.597219
590,5.91,1.96568203,1.93567195,11.6171808
591,5.92,1.96573346,1.93582326,11.6371421
592,5.93,1.96578464,1.93597382,11.6571029
593,5.94,1.96583555,1.93612363,11.6770632
594,5.95,1.96588621,1.9362727,11.697023
595,5.96,1.96593662,1.93642102,11.7169822
596,5.97,1.96598677,1.93656861,11.736941
597,5.98,1.96603667,1.93671547,11.7568993
598,5.99,1.96608632,1.9368616,11.7768571
